"","name_sample","areaCO2","areaCO2dry","areaCH4","areaCH4dry"
"1","11","64752.9212533085","65697.1556209051","53071.2410581036","50481.7134466533"
"2","13","71033.6324334865","72077.6832989141","60952.7321248494","57454.4334058993"
"3","31","4447.54640903151","4536.85455663801","4097.77319820001","4180.30242320001"
"4","32","5955.96750006967","6074.67035908817","4465.32416315013","4554.86770640013"
